iteration,error,value
0,0.016393443,1.9375
1,0.016393443,1.90625
2,0.008130081,1.921875
3,0.004081633,1.9140625
