iteration,error,value
0,3.97E-05,1.921664627
1,3.97E-05,1.921740916
2,8.02E-09,1.921740932
3,1.60E-12,1.921740932
