iteration,error,value
0,0.040816327,2
1,8.97E-05,1.921568627
