iteration,error,value,
0,1.0,0.36250000000000004,
1,0.01694915254237282,0.36875,
