iteration,error,value,
0,1.0,0.3652404747033104,
1,3.8401214464846533E-4,0.3651002717649382,
