iteration,error,value,
0,0.027388255915863507,0.37500000000000006,
