iteration,error,value
0,1,3.625
1,0.01754386,3.5625
2,0.008695652,3.59375
3,0.004366812,3.578125
4,0.002188184,3.5703125
