iteration,error,value
0,1,3.553191489
1,0.002371709,3.561638658
2,3.62E-04,3.562929617
3,5.50E-05,3.563125734
4,8.35E-06,3.5631555
