iteration,error,value
0,0.044984802,3.75
1,0.006968479,3.588568935
2,1.61E-04,3.563735122
