iteration,error,value,
0,1,0.0,
1,0.0023773469110968813,3.553191489361701,
