iteration,error,value
0,1.50E-05,126.6324459
1,7.76E-08,126.6324361
2,4.03E-10,126.632436
3,2.09E-12,126.632436
4,1.10E-14,126.632436
5,0,126.632436
