iteration,error,value
0,0.002911377,127
1,8.75E-06,126.6313285
